{"cameraMode":{"drawMode":0,"name":"Shaded","section":"Shading Mode"},"sceneLighting":true,"audioPlay":false,"sceneViewState":{"m_AlwaysRefresh":false,"showFog":true,"showSkybox":true,"showFlares":true,"showImageEffects":true,"showParticleSystems":true,"showVisualEffectGraphs":true,"m_FxEnabled":true},"in2DMode":false,"pivot":{"x":0.14369773864746095,"y":1.332348108291626,"z":-2.7740187644958498},"rotation":{"x":-0.008813036605715752,"y":0.0004342917527537793,"z":-0.00043211024603806436,"w":0.9999511241912842},"size":1.240718126296997,"orthographic":false}